﻿<?xml version="1.0" encoding="utf-8" ?>
<Defs>

  <StorytellerDef ParentName="BaseStoryteller">
    <defName>LingStoryteller_Violet</defName>
    <label>爱丽丝·莱</label>
    <description>一个在各个世界间游历的记叙者,她庞大的数据库中记录了无数的历史,平铺直叙的故事对于她来说毫无吸引力,只有无数命运交叠发生产生的碰撞才可以使她稍微满意~</description>
    <portraitLarge>UI/HeroArt/Storytellers/LingStoryteller_Violet</portraitLarge>
    <portraitTiny>UI/HeroArt/Storytellers/LingStoryteller_VioletTiny</portraitTiny>
    <listOrder>139</listOrder>
    <comps>
      <!-- 介绍?啥玩意 -->
      <!-- <li Class="StorytellerCompProperties_ClassicIntro"/> -->
      <!-- 塔塔开 -->
      <li Class="StorytellerCompProperties_OnOffCycle">
        <category>ThreatBig</category>
        <minDaysPassed>10.0</minDaysPassed>
        <onDays>7.0</onDays>
        <offDays>12.0</offDays>
        <minSpacingDays>2</minSpacingDays>
        <numIncidentsRange>1~2</numIncidentsRange>
        <forceRaidEnemyBeforeDaysPassed>10</forceRaidEnemyBeforeDaysPassed>
        <disallowedTargetTags>
          <li>Map_RaidBeacon</li>
        </disallowedTargetTags>
      </li>
      <li Class="StorytellerCompProperties_ThreatsGenerator">
        <allowedTargetTags>
          <li>Map_RaidBeacon</li>
        </allowedTargetTags>
        <parms>
          <allowedThreats>Raids</allowedThreats>
          <onDays>1.0</onDays>
          <offDays>0.5</offDays>
          <minSpacingDays>0</minSpacingDays>
          <numIncidentsRange>1~5</numIncidentsRange>
          <minThreatPoints>500</minThreatPoints>
        </parms>
      </li>
      <li Class="StorytellerCompProperties_OnOffCycle">
        <category>ThreatSmall</category>
        <minDaysPassed>11.0</minDaysPassed>
        <onDays>4.0</onDays>
        <offDays>6.0</offDays>
        <numIncidentsRange>0.2~1</numIncidentsRange>
        <acceptPercentFactorPerThreatPointsCurve>
          <points>
            <li>(800, 1)</li>
            <li>(2800, 1)</li>
          </points>
        </acceptPercentFactorPerThreatPointsCurve>
      </li>
      <!-- 这些都是小事 -->
      <li Class="StorytellerCompProperties_CategoryMTB">
        <category>Misc</category>
        <allowedTargetTags>
          <li>Map_PlayerHome</li>
        </allowedTargetTags>
        <minDaysPassed>0</minDaysPassed>
        <mtbDays>4</mtbDays>
      </li>
      <li Class="StorytellerCompProperties_ShipChunkDrop"/>
      <li Class="StorytellerCompProperties_Disease">
        <category>DiseaseHuman</category>
        <minDaysPassed>15</minDaysPassed>
      </li>
      <li Class="StorytellerCompProperties_Disease">
        <category>DiseaseAnimal</category>
        <minDaysPassed>10</minDaysPassed>
      </li>
      <!-- 我的朋友们啊 -->
      <li Class="StorytellerCompProperties_FactionInteraction">
        <incident>RaidFriendly</incident>
        <baseIncidentsPerYear>15</baseIncidentsPerYear>
        <minSpacingDays>0.4</minSpacingDays>
        <fullAlliesOnly>true</fullAlliesOnly>
        <minDanger>High</minDanger>
      </li>
      <li Class="StorytellerCompProperties_FactionInteraction">
        <incident>TraderCaravanArrival</incident>
        <minDaysPassed>0</minDaysPassed>
        <baseIncidentsPerYear>10</baseIncidentsPerYear>
        <minSpacingDays>3</minSpacingDays>
        <allowedTargetTags>
          <li>Map_PlayerHome</li>
        </allowedTargetTags>
      </li>
      <li Class="StorytellerCompProperties_FactionInteraction">
        <incident>VisitorGroup</incident>
        <minDaysPassed>0</minDaysPassed>
        <baseIncidentsPerYear>6</baseIncidentsPerYear>
        <minSpacingDays>1</minSpacingDays>
        <allowedTargetTags>
          <li>Map_PlayerHome</li>
        </allowedTargetTags>
      </li>
      <li Class="StorytellerCompProperties_FactionInteraction">
        <incident>TravelerGroup</incident>
        <minDaysPassed>0</minDaysPassed>
        <baseIncidentsPerYear>6</baseIncidentsPerYear>
        <minSpacingDays>1</minSpacingDays>
        <allowedTargetTags>
          <li>Map_PlayerHome</li>
        </allowedTargetTags>
      </li>
      <!-- 大世界的遭遇 -->
      <li Class="StorytellerCompProperties_CategoryIndividualMTBByBiome">
        <category>Misc</category>
        <allowedTargetTags>
          <li>Caravan</li>
          <li>Map_TempIncident</li>
        </allowedTargetTags>
      </li>
      <li Class="StorytellerCompProperties_CategoryIndividualMTBByBiome">
        <category>ThreatSmall</category>
        <applyCaravanVisibility>true</applyCaravanVisibility>
        <allowedTargetTags>
          <li>Caravan</li>
          <li>Map_TempIncident</li>
        </allowedTargetTags>
      </li>
      <li Class="StorytellerCompProperties_CategoryIndividualMTBByBiome">
        <category>ThreatBig</category>
        <applyCaravanVisibility>true</applyCaravanVisibility>
        <allowedTargetTags>
          <li>Caravan</li>
          <li>Map_TempIncident</li>
        </allowedTargetTags>
      </li>
      <!-- 任务刁民 -->
      <li Class="StorytellerCompProperties_RandomQuest">
        <category>GiveQuest</category>
        <allowedTargetTags>
          <li>World</li>
        </allowedTargetTags>
        <onDays>10</onDays>
        <numIncidentsRange>1~10</numIncidentsRange>
        <acceptFractionByDaysPassedCurve>
          <points>
            <li>(8, 0)</li>
            <li>(15, 1)</li>
          </points>
        </acceptFractionByDaysPassedCurve>
        <minSpacingDays>0</minSpacingDays>
        <disableIfAnyModActive>
          <li>Ludeon.RimWorld.Royalty</li>
        </disableIfAnyModActive>
      </li>
      <!-- 任务皇权 -->
      <li Class="StorytellerCompProperties_RandomQuest">
        <category>GiveQuest</category>
        <allowedTargetTags>
          <li>World</li>
        </allowedTargetTags>
        <onDays>10</onDays>
        <numIncidentsRange>5~10</numIncidentsRange>
        <acceptFractionByDaysPassedCurve>
          <points>
            <li>(8, 0)</li>
            <li>(15, 1)</li>
          </points>
        </acceptFractionByDaysPassedCurve>
        <minSpacingDays>0</minSpacingDays>
        <enableIfAnyModActive>
          <li>Ludeon.RimWorld.Royalty</li>
        </enableIfAnyModActive>
      </li>
      <!-- 世界杂项 -->
      <li Class="StorytellerCompProperties_CategoryMTB">
        <category>Misc</category>
        <allowedTargetTags>
          <li>World</li>
        </allowedTargetTags>
        <minDaysPassed>0</minDaysPassed>
        <mtbDays>5</mtbDays>
      </li>
      <!-- 轨道商 -->
      <li Class="StorytellerCompProperties_OnOffCycle">
        <incident>OrbitalTraderArrival</incident>
        <onDays>7</onDays>
        <offDays>3</offDays>
        <numIncidentsRange>1</numIncidentsRange>
      </li>
      <!-- 黑衣人 -->
      <li Class="StorytellerCompProperties_Triggered">
        <incident>StrangerInBlackJoin</incident>
        <delayTicks>180</delayTicks>
      </li>
    </comps>
  </StorytellerDef>


  <StorytellerDef ParentName="BaseStoryteller">
    <defName>LingStoryteller_Orange</defName>
    <label>乔恩</label>
    <description>乔恩生于战争,行于战争,也终于战争.他的一生中只有无止境的战争,尽管如此,他依旧向往平静的生活,在他的故事中或许会有一些小温馨,但更多的是残酷的现实...</description>
    <portraitLarge>UI/HeroArt/Storytellers/LingStoryteller_Orange</portraitLarge>
    <portraitTiny>UI/HeroArt/Storytellers/LingStoryteller_OrangeTiny</portraitTiny>
    <listOrder>138</listOrder>
    <comps>
      <!-- 介绍?啥玩意 -->
      <!-- <li Class="StorytellerCompProperties_ClassicIntro"/> -->
      <!-- 塔塔开 -->
      <li Class="StorytellerCompProperties_OnOffCycle">
        <category>ThreatBig</category>
        <minDaysPassed>0</minDaysPassed>
        <onDays>7.0</onDays>
        <offDays>3.0</offDays>
        <minSpacingDays>1</minSpacingDays>
        <numIncidentsRange>2~4</numIncidentsRange>
        <forceRaidEnemyBeforeDaysPassed>3</forceRaidEnemyBeforeDaysPassed>
        <disallowedTargetTags>
          <li>Map_RaidBeacon</li>
        </disallowedTargetTags>
      </li>
      <li Class="StorytellerCompProperties_ThreatsGenerator">
        <allowedTargetTags>
          <li>Map_RaidBeacon</li>
        </allowedTargetTags>
        <parms>
          <allowedThreats>Raids</allowedThreats>
          <onDays>1.0</onDays>
          <offDays>0.1</offDays>
          <minSpacingDays>0.01</minSpacingDays>
          <numIncidentsRange>3~5</numIncidentsRange>
          <minThreatPoints>500</minThreatPoints>
        </parms>
      </li>
      <li Class="StorytellerCompProperties_OnOffCycle">
        <category>ThreatSmall</category>
        <minDaysPassed>0</minDaysPassed>
        <onDays>3.0</onDays>
        <offDays>2.0</offDays>
        <numIncidentsRange>0.2~1</numIncidentsRange>
        <acceptPercentFactorPerThreatPointsCurve>
          <points>
            <li>(800, 1)</li>
            <li>(2800, 1)</li>
          </points>
        </acceptPercentFactorPerThreatPointsCurve>
      </li>
      <!-- 这些都是小事 -->
      <li Class="StorytellerCompProperties_CategoryMTB">
        <category>Misc</category>
        <allowedTargetTags>
          <li>Map_PlayerHome</li>
        </allowedTargetTags>
        <minDaysPassed>0</minDaysPassed>
        <mtbDays>7</mtbDays>
      </li>
      <li Class="StorytellerCompProperties_ShipChunkDrop"/>
      <li Class="StorytellerCompProperties_Disease">
        <category>DiseaseHuman</category>
        <minDaysPassed>13</minDaysPassed>
      </li>
	  
      <li Class="StorytellerCompProperties_Disease">
        <category>DiseaseAnimal</category>
        <minDaysPassed>60</minDaysPassed>
      </li>
      <!-- 我的朋友们啊 -->
      <li Class="StorytellerCompProperties_FactionInteraction">
        <incident>RaidFriendly</incident>
        <baseIncidentsPerYear>30</baseIncidentsPerYear>
        <minSpacingDays>0.1</minSpacingDays>
        <fullAlliesOnly>true</fullAlliesOnly>
        <minDanger>Low</minDanger>
      </li>
      <li Class="StorytellerCompProperties_FactionInteraction">
        <incident>TraderCaravanArrival</incident>
        <minDaysPassed>0</minDaysPassed>
        <baseIncidentsPerYear>12</baseIncidentsPerYear>
        <minSpacingDays>3</minSpacingDays>
        <allowedTargetTags>
          <li>Map_PlayerHome</li>
        </allowedTargetTags>
      </li>
      <li Class="StorytellerCompProperties_FactionInteraction">
        <incident>VisitorGroup</incident>
        <minDaysPassed>0</minDaysPassed>
        <baseIncidentsPerYear>10</baseIncidentsPerYear>
        <minSpacingDays>1</minSpacingDays>
        <allowedTargetTags>
          <li>Map_PlayerHome</li>
        </allowedTargetTags>
      </li>
      <li Class="StorytellerCompProperties_FactionInteraction">
        <incident>TravelerGroup</incident>
        <minDaysPassed>0</minDaysPassed>
        <baseIncidentsPerYear>10</baseIncidentsPerYear>
        <minSpacingDays>1</minSpacingDays>
        <allowedTargetTags>
          <li>Map_PlayerHome</li>
        </allowedTargetTags>
      </li>
      <!-- 大地图的遭遇 -->
      <li Class="StorytellerCompProperties_CategoryIndividualMTBByBiome">
        <category>Misc</category>
        <allowedTargetTags>
          <li>Caravan</li>
          <li>Map_TempIncident</li>
        </allowedTargetTags>
      </li>
      <li Class="StorytellerCompProperties_CategoryIndividualMTBByBiome">
        <category>ThreatSmall</category>
        <applyCaravanVisibility>true</applyCaravanVisibility>
        <allowedTargetTags>
          <li>Caravan</li>
          <li>Map_TempIncident</li>
        </allowedTargetTags>
      </li>
      <li Class="StorytellerCompProperties_CategoryIndividualMTBByBiome">
        <category>ThreatBig</category>
        <applyCaravanVisibility>true</applyCaravanVisibility>
        <allowedTargetTags>
          <li>Caravan</li>
          <li>Map_TempIncident</li>
        </allowedTargetTags>
      </li>
      <!-- 任务刁民 -->
      <li Class="StorytellerCompProperties_RandomQuest">
        <category>GiveQuest</category>
        <allowedTargetTags>
          <li>World</li>
        </allowedTargetTags>
        <onDays>10</onDays>
        <numIncidentsRange>1~3</numIncidentsRange>
        <acceptFractionByDaysPassedCurve>
          <points>
            <li>(8, 0)</li>
            <li>(15, 1)</li>
          </points>
        </acceptFractionByDaysPassedCurve>
        <minSpacingDays>2</minSpacingDays>
        <disableIfAnyModActive>
          <li>Ludeon.RimWorld.Royalty</li>
        </disableIfAnyModActive>
      </li>
      <!-- 任务皇权 -->
      <li Class="StorytellerCompProperties_RandomQuest">
        <category>GiveQuest</category>
        <allowedTargetTags>
          <li>World</li>
        </allowedTargetTags>
        <onDays>10</onDays>
        <numIncidentsRange>1~2</numIncidentsRange>
        <acceptFractionByDaysPassedCurve>
          <points>
            <li>(8, 0)</li>
            <li>(15, 1)</li>
          </points>
        </acceptFractionByDaysPassedCurve>
        <minSpacingDays>3</minSpacingDays>
        <enableIfAnyModActive>
          <li>Ludeon.RimWorld.Royalty</li>
        </enableIfAnyModActive>
      </li>
      <!-- 世界杂项 -->
      <li Class="StorytellerCompProperties_CategoryMTB">
        <category>Misc</category>
        <allowedTargetTags>
          <li>World</li>
        </allowedTargetTags>
        <minDaysPassed>0</minDaysPassed>
        <mtbDays>5</mtbDays>
      </li>
      <!-- 轨道商 -->
      <li Class="StorytellerCompProperties_OnOffCycle">
        <incident>OrbitalTraderArrival</incident>
        <onDays>7</onDays>
        <offDays>3</offDays>
        <numIncidentsRange>1~2</numIncidentsRange>
      </li>
      <!-- 黑衣人 -->
      <li Class="StorytellerCompProperties_Triggered">
        <incident>StrangerInBlackJoin</incident>
        <delayTicks>180</delayTicks>
      </li>
    </comps>
  </StorytellerDef>
  
  <StorytellerDef ParentName="BaseStoryteller">
    <defName>LingStoryteller_Blank</defName>
    <label>[空白]</label>
    <description>希望,绝望,这里都没有,唯一存在的是...无尽的平静</description>
    <portraitLarge>Blank</portraitLarge>
    <portraitTiny>Blank</portraitTiny>
    <listOrder>137</listOrder>
  </StorytellerDef>
</Defs>
