﻿<?xml version="1.0" encoding="UTF-8"?>
<ModMetaData>
	<name>ZeroTech-Story</name>
	<author>LingLuo</author>
	<supportedVersions>
		<li>1.1</li>
		<li>1.2</li>
	</supportedVersions>
	<packageId>LingLuo.ZeroTechStory</packageId>
	<description>零子科技-旧事拓展包
	过去遗留的记录,是否有一日会让人重新记起
	物品简介
	爱丽丝·莱:一个在各个世界间游历的记叙者,她庞大的数据库中记录了无数的历史,平铺直叙的故事对于她来说毫无吸引力,只有无数命运交叠发生产生的碰撞才可以使她稍微满意~
	乔恩:乔恩生于战争,行于战争,也终于战争.他的一生中只有无止境的战争,尽管如此,他依旧向往平静的生活,在他的故事中或许会有一些小温馨,但更多的是残酷的现实...
	</description>
	<!-- <modDependencies>
		<li>
			<packageId>LingLuo.ZeroTechCore</packageId>
			<displayName>ZeroTechCore</displayName>
			<downloadUrl>https://www.baidu.com</downloadUrl>
		</li>
	</modDependencies> -->
	
	<loadAfter>
		<li>LingLuo.ZeroTechCore</li>
	</loadAfter>
</ModMetaData>
